<?xml version="1.0" encoding="UTF-8"?>
<document type="com.apple.InterfaceBuilder3.CocoaTouch.Storyboard.XIB" version="3.0" toolsVersion="17156" targetRuntime="iOS.CocoaTouch" propertyAccessControl="none" useAutolayout="YES" useTraitCollections="YES" useSafeAreas="YES" colorMatched="YES" initialViewController="Ob4-F1-fIv">
    <device id="retina6_1" orientation="portrait" appearance="light"/>
    <dependencies>
        <plugIn identifier="com.apple.InterfaceBuilder.IBCocoaTouchPlugin" version="17126"/>
        <capability name="Image references" minToolsVersion="12.0"/>
        <capability name="Safe area layout guides" minToolsVersion="9.0"/>
        <capability name="System colors in document resources" minToolsVersion="11.0"/>
        <capability name="documents saved in the Xcode 8 format" minToolsVersion="8.0"/>
    </dependencies>
    <scenes>
        <!--Item-->
        <scene sceneID="tne-QT-ifu">
            <objects>
                <viewController id="BYZ-38-t0r" customClass="MainViewController" customModule="Maryland_Covid_19_Chances" customModuleProvider="target" sceneMemberID="viewController">
                    <view key="view" contentMode="scaleToFill" id="8bC-Xf-vdC">
                        <rect key="frame" x="0.0" y="0.0" width="414" height="896"/>
                        <autoresizingMask key="autoresizingMask" widthSizable="YES" heightSizable="YES"/>
                        <subviews>
                            <button hidden="YES" opaque="NO" contentMode="scaleToFill" contentHorizontalAlignment="center" contentVerticalAlignment="center" lineBreakMode="middleTruncation" translatesAutoresizingMaskIntoConstraints="NO" id="18r-J7-wPr">
                                <rect key="frame" x="0.0" y="228" width="45" height="57"/>
                                <fontDescription key="fontDescription" type="system" pointSize="47"/>
                                <color key="tintColor" systemColor="systemPinkColor"/>
                                <state key="normal">
                                    <color key="titleColor" systemColor="systemPinkColor"/>
                                    <imageReference key="image" image="exclamationmark.square.fill" catalog="system" symbolScale="large"/>
                                </state>
                                <connections>
                                    <action selector="getResults:" destination="BYZ-38-t0r" eventType="touchUpInside" id="R5N-OF-1ft"/>
                                </connections>
                            </button>
                            <textField opaque="NO" contentMode="scaleToFill" contentHorizontalAlignment="left" contentVerticalAlignment="center" borderStyle="roundedRect" textAlignment="center" minimumFontSize="24" translatesAutoresizingMaskIntoConstraints="NO" id="v2O-4H-A6V">
                                <rect key="frame" x="46" y="236.5" width="322" height="40"/>
                                <rect key="contentStretch" x="1" y="1" width="1" height="1"/>
                                <fontDescription key="fontDescription" type="system" pointSize="24"/>
                                <textInputTraits key="textInputTraits"/>
                            </textField>
                            <label opaque="NO" userInteractionEnabled="NO" contentMode="left" horizontalHuggingPriority="251" verticalHuggingPriority="251" text="Select County" textAlignment="natural" lineBreakMode="tailTruncation" baselineAdjustment="alignBaselines" adjustsFontSizeToFit="NO" translatesAutoresizingMaskIntoConstraints="NO" id="pHp-hU-CAM">
                                <rect key="frame" x="46" y="199" width="166" height="20.5"/>
                                <constraints>
                                    <constraint firstAttribute="height" constant="20.5" id="v4B-bJ-XXp"/>
                                </constraints>
                                <fontDescription key="fontDescription" type="system" pointSize="17"/>
                                <nil key="textColor"/>
                                <nil key="highlightedColor"/>
                            </label>
                            <textField opaque="NO" contentMode="scaleToFill" contentHorizontalAlignment="left" contentVerticalAlignment="center" borderStyle="roundedRect" textAlignment="center" minimumFontSize="24" translatesAutoresizingMaskIntoConstraints="NO" id="aTv-Tl-Igw">
                                <rect key="frame" x="46" y="327" width="322" height="37"/>
                                <rect key="contentStretch" x="1" y="1" width="1" height="1"/>
                                <constraints>
                                    <constraint firstAttribute="height" constant="37" id="2S6-tW-yto"/>
                                </constraints>
                                <fontDescription key="fontDescription" type="system" pointSize="24"/>
                                <textInputTraits key="textInputTraits"/>
                            </textField>
                            <button hidden="YES" opaque="NO" contentMode="scaleToFill" contentHorizontalAlignment="center" contentVerticalAlignment="center" lineBreakMode="middleTruncation" translatesAutoresizingMaskIntoConstraints="NO" id="dlf-ni-JVK">
                                <rect key="frame" x="0.0" y="317" width="45" height="57"/>
                                <fontDescription key="fontDescription" type="system" pointSize="47"/>
                                <color key="tintColor" systemColor="systemPinkColor"/>
                                <state key="normal">
                                    <color key="titleColor" systemColor="systemPinkColor"/>
                                    <imageReference key="image" image="exclamationmark.square.fill" catalog="system" symbolScale="large"/>
                                </state>
                            </button>
                            <label opaque="NO" userInteractionEnabled="NO" contentMode="left" horizontalHuggingPriority="251" verticalHuggingPriority="251" text="Select Age" textAlignment="natural" lineBreakMode="tailTruncation" baselineAdjustment="alignBaselines" adjustsFontSizeToFit="NO" translatesAutoresizingMaskIntoConstraints="NO" id="EIG-Rd-GtR">
                                <rect key="frame" x="46" y="293" width="166" height="20.5"/>
                                <fontDescription key="fontDescription" type="system" pointSize="17"/>
                                <nil key="textColor"/>
                                <nil key="highlightedColor"/>
                            </label>
                            <textField opaque="NO" contentMode="scaleToFill" contentHorizontalAlignment="left" contentVerticalAlignment="center" borderStyle="roundedRect" textAlignment="center" minimumFontSize="24" translatesAutoresizingMaskIntoConstraints="NO" id="zQj-vc-WQa">
                                <rect key="frame" x="46" y="419" width="322" height="41"/>
                                <rect key="contentStretch" x="1" y="1" width="1" height="1"/>
                                <fontDescription key="fontDescription" type="system" pointSize="24"/>
                                <textInputTraits key="textInputTraits"/>
                            </textField>
                            <button hidden="YES" opaque="NO" contentMode="scaleToFill" contentHorizontalAlignment="center" contentVerticalAlignment="center" lineBreakMode="middleTruncation" translatesAutoresizingMaskIntoConstraints="NO" id="OIo-ul-Psi">
                                <rect key="frame" x="0.0" y="411" width="45" height="57"/>
                                <fontDescription key="fontDescription" type="system" pointSize="47"/>
                                <color key="tintColor" systemColor="systemPinkColor"/>
                                <state key="normal">
                                    <color key="titleColor" systemColor="systemPinkColor"/>
                                    <imageReference key="image" image="exclamationmark.square.fill" catalog="system" symbolScale="large"/>
                                </state>
                            </button>
                            <label opaque="NO" userInteractionEnabled="NO" contentMode="left" horizontalHuggingPriority="251" verticalHuggingPriority="251" text="Do you wash your hands frequently?" textAlignment="natural" lineBreakMode="tailTruncation" baselineAdjustment="alignBaselines" adjustsFontSizeToFit="NO" translatesAutoresizingMaskIntoConstraints="NO" id="bmB-G6-W3N">
                                <rect key="frame" x="46" y="481.5" width="322" height="21"/>
                                <fontDescription key="fontDescription" type="system" pointSize="17"/>
                                <nil key="textColor"/>
                                <nil key="highlightedColor"/>
                            </label>
                            <textField opaque="NO" contentMode="scaleToFill" contentHorizontalAlignment="left" contentVerticalAlignment="center" borderStyle="roundedRect" textAlignment="center" minimumFontSize="24" translatesAutoresizingMaskIntoConstraints="NO" id="FYm-qS-kEa">
                                <rect key="frame" x="46" y="521.5" width="322" height="36"/>
                                <rect key="contentStretch" x="1" y="1" width="1" height="1"/>
                                <constraints>
                                    <constraint firstAttribute="height" constant="36" id="p0H-Ze-MPb"/>
                                </constraints>
                                <fontDescription key="fontDescription" type="system" pointSize="24"/>
                                <textInputTraits key="textInputTraits"/>
                            </textField>
                            <button hidden="YES" opaque="NO" contentMode="scaleToFill" contentHorizontalAlignment="center" contentVerticalAlignment="center" lineBreakMode="middleTruncation" translatesAutoresizingMaskIntoConstraints="NO" id="1YL-Er-O3T">
                                <rect key="frame" x="0.0" y="511" width="45" height="57"/>
                                <fontDescription key="fontDescription" type="system" pointSize="47"/>
                                <color key="tintColor" systemColor="systemPinkColor"/>
                                <state key="normal">
                                    <color key="titleColor" systemColor="systemPinkColor"/>
                                    <imageReference key="image" image="exclamationmark.square.fill" catalog="system" symbolScale="large"/>
                                </state>
                            </button>
                            <label opaque="NO" userInteractionEnabled="NO" contentMode="left" horizontalHuggingPriority="251" verticalHuggingPriority="251" text="Have You Been Around People?" textAlignment="natural" lineBreakMode="tailTruncation" baselineAdjustment="alignBaselines" adjustsFontSizeToFit="NO" translatesAutoresizingMaskIntoConstraints="NO" id="M9f-Q6-W8R">
                                <rect key="frame" x="46" y="382" width="322" height="21"/>
                                <fontDescription key="fontDescription" type="system" pointSize="17"/>
                                <nil key="textColor"/>
                                <nil key="highlightedColor"/>
                            </label>
                            <label opaque="NO" userInteractionEnabled="NO" contentMode="left" horizontalHuggingPriority="251" verticalHuggingPriority="251" text="vv" textAlignment="center" lineBreakMode="tailTruncation" baselineAdjustment="alignBaselines" adjustsFontSizeToFit="NO" translatesAutoresizingMaskIntoConstraints="NO" id="oGf-NP-OvH">
                                <rect key="frame" x="140.5" y="118" width="133" height="58"/>
                                <fontDescription key="fontDescription" type="system" pointSize="23"/>
                                <nil key="highlightedColor"/>
                            </label>
                            <button opaque="NO" contentMode="scaleToFill" contentHorizontalAlignment="center" contentVerticalAlignment="center" buttonType="system" lineBreakMode="middleTruncation" translatesAutoresizingMaskIntoConstraints="NO" id="mwm-2a-yKD">
                                <rect key="frame" x="131" y="563.5" width="152" height="30"/>
                                <state key="normal" title="Get Results">
                                    <color key="titleColor" systemColor="systemBlueColor"/>
                                </state>
                                <connections>
                                    <action selector="getResults:" destination="BYZ-38-t0r" eventType="touchUpInside" id="odm-mz-Q0L"/>
                                </connections>
                            </button>
                            <button opaque="NO" contentMode="scaleToFill" contentHorizontalAlignment="center" contentVerticalAlignment="center" lineBreakMode="middleTruncation" translatesAutoresizingMaskIntoConstraints="NO" id="EFE-gV-uEq">
                                <rect key="frame" x="368" y="94" width="25.5" height="55.5"/>
                                <constraints>
                                    <constraint firstAttribute="height" constant="55.5" id="Dwl-P7-faF"/>
                                </constraints>
                                <fontDescription key="fontDescription" type="system" pointSize="47"/>
                                <color key="tintColor" systemColor="linkColor"/>
                                <state key="normal">
                                    <color key="titleColor" systemColor="systemPinkColor"/>
                                    <imageReference key="image" image="gearshape.fill" catalog="system" symbolScale="large"/>
                                </state>
                            </button>
                            <pickerView contentMode="scaleToFill" translatesAutoresizingMaskIntoConstraints="NO" id="16Y-Ya-IvD">
                                <rect key="frame" x="0.0" y="595.5" width="414" height="216"/>
                                <color key="tintColor" white="0.0" alpha="0.0" colorSpace="custom" customColorSpace="genericGamma22GrayColorSpace"/>
                            </pickerView>
                        </subviews>
                        <viewLayoutGuide key="safeArea" id="6Tk-OE-BBY"/>
                        <color key="backgroundColor" systemColor="systemBackgroundColor"/>
                        <constraints>
                            <constraint firstItem="pHp-hU-CAM" firstAttribute="top" secondItem="oGf-NP-OvH" secondAttribute="bottom" constant="23" id="2yQ-Bb-FAi"/>
                            <constraint firstItem="OIo-ul-Psi" firstAttribute="trailing" secondItem="1YL-Er-O3T" secondAttribute="trailing" id="4Xx-Qk-VNR"/>
                            <constraint firstItem="FYm-qS-kEa" firstAttribute="centerX" secondItem="mwm-2a-yKD" secondAttribute="centerX" id="80u-oU-bWG"/>
                            <constraint firstItem="aTv-Tl-Igw" firstAttribute="trailing" secondItem="M9f-Q6-W8R" secondAttribute="trailing" id="9hb-5L-yZX"/>
                            <constraint firstItem="pHp-hU-CAM" firstAttribute="leading" secondItem="v2O-4H-A6V" secondAttribute="leading" id="9tf-CJ-nfs"/>
                            <constraint firstItem="oGf-NP-OvH" firstAttribute="leading" secondItem="6Tk-OE-BBY" secondAttribute="leading" constant="140.5" id="Ai5-Po-jaP"/>
                            <constraint firstItem="6Tk-OE-BBY" firstAttribute="bottom" secondItem="16Y-Ya-IvD" secondAttribute="bottom" constant="1.5" id="COL-XX-aDa"/>
                            <constraint firstItem="6Tk-OE-BBY" firstAttribute="trailing" secondItem="pHp-hU-CAM" secondAttribute="trailing" constant="202" id="DBD-OI-NTm"/>
                            <constraint firstItem="dlf-ni-JVK" firstAttribute="leading" secondItem="OIo-ul-Psi" secondAttribute="leading" id="Db4-fi-AKf"/>
                            <constraint firstItem="18r-J7-wPr" firstAttribute="centerY" secondItem="v2O-4H-A6V" secondAttribute="centerY" id="GKO-yM-SA3"/>
                            <constraint firstItem="aTv-Tl-Igw" firstAttribute="top" secondItem="EIG-Rd-GtR" secondAttribute="bottom" constant="13.5" id="IYt-Km-Jrw"/>
                            <constraint firstItem="18r-J7-wPr" firstAttribute="leading" secondItem="6Tk-OE-BBY" secondAttribute="leading" id="KJt-AE-Grx"/>
                            <constraint firstItem="OIo-ul-Psi" firstAttribute="top" secondItem="dlf-ni-JVK" secondAttribute="bottom" constant="37" id="KPl-Za-kkr"/>
                            <constraint firstItem="pHp-hU-CAM" firstAttribute="trailing" secondItem="EIG-Rd-GtR" secondAttribute="trailing" id="L9W-9K-MUc"/>
                            <constraint firstItem="mwm-2a-yKD" firstAttribute="leading" secondItem="1YL-Er-O3T" secondAttribute="trailing" constant="86" id="Lhn-sa-xdh"/>
                            <constraint firstItem="16Y-Ya-IvD" firstAttribute="top" secondItem="mwm-2a-yKD" secondAttribute="bottom" constant="2" id="NDv-Lc-uX7"/>
                            <constraint firstItem="bmB-G6-W3N" firstAttribute="top" secondItem="zQj-vc-WQa" secondAttribute="bottom" constant="21.5" id="NaP-Ty-90l"/>
                            <constraint firstItem="dlf-ni-JVK" firstAttribute="trailing" secondItem="OIo-ul-Psi" secondAttribute="trailing" id="PPL-uj-uAR"/>
                            <constraint firstItem="pHp-hU-CAM" firstAttribute="leading" secondItem="6Tk-OE-BBY" secondAttribute="leading" constant="46" id="QXy-4H-JHu"/>
                            <constraint firstItem="18r-J7-wPr" firstAttribute="top" secondItem="6Tk-OE-BBY" secondAttribute="top" constant="184" id="R46-Ci-aeR"/>
                            <constraint firstItem="18r-J7-wPr" firstAttribute="leading" secondItem="dlf-ni-JVK" secondAttribute="leading" id="SxE-ch-djR"/>
                            <constraint firstItem="OIo-ul-Psi" firstAttribute="centerY" secondItem="zQj-vc-WQa" secondAttribute="centerY" id="TOT-i9-w1x"/>
                            <constraint firstItem="v2O-4H-A6V" firstAttribute="top" secondItem="pHp-hU-CAM" secondAttribute="bottom" constant="17" id="Uby-x6-oQy"/>
                            <constraint firstItem="18r-J7-wPr" firstAttribute="trailing" secondItem="dlf-ni-JVK" secondAttribute="trailing" id="VQy-EE-jcx"/>
                            <constraint firstItem="1YL-Er-O3T" firstAttribute="leading" secondItem="16Y-Ya-IvD" secondAttribute="leading" id="XIT-yv-HYX"/>
                            <constraint firstItem="zQj-vc-WQa" firstAttribute="leading" secondItem="bmB-G6-W3N" secondAttribute="leading" id="Xi3-MC-Hf4"/>
                            <constraint firstItem="OIo-ul-Psi" firstAttribute="leading" secondItem="1YL-Er-O3T" secondAttribute="leading" id="Ydm-Bt-bfb"/>
                            <constraint firstItem="v2O-4H-A6V" firstAttribute="leading" secondItem="EIG-Rd-GtR" secondAttribute="leading" id="a6i-Ca-dbJ"/>
                            <constraint firstItem="EIG-Rd-GtR" firstAttribute="leading" secondItem="aTv-Tl-Igw" secondAttribute="leading" id="aLO-2O-dNP"/>
                            <constraint firstItem="EFE-gV-uEq" firstAttribute="top" secondItem="6Tk-OE-BBY" secondAttribute="top" constant="50" id="b42-Zg-w0A"/>
                            <constraint firstItem="bmB-G6-W3N" firstAttribute="leading" secondItem="FYm-qS-kEa" secondAttribute="leading" id="c67-QC-eVM"/>
                            <constraint firstItem="FYm-qS-kEa" firstAttribute="top" secondItem="bmB-G6-W3N" secondAttribute="bottom" constant="19" id="cuh-IY-gpz"/>
                            <constraint firstItem="oGf-NP-OvH" firstAttribute="top" secondItem="6Tk-OE-BBY" secondAttribute="top" constant="74" id="fcq-Zl-6vx"/>
                            <constraint firstItem="aTv-Tl-Igw" firstAttribute="leading" secondItem="M9f-Q6-W8R" secondAttribute="leading" id="gkm-EZ-oqf"/>
                            <constraint firstItem="EIG-Rd-GtR" firstAttribute="top" secondItem="v2O-4H-A6V" secondAttribute="bottom" constant="16.5" id="gsz-Rv-IeO"/>
                            <constraint firstItem="bmB-G6-W3N" firstAttribute="trailing" secondItem="FYm-qS-kEa" secondAttribute="trailing" id="l9Y-NI-eMT"/>
                            <constraint firstItem="mwm-2a-yKD" firstAttribute="top" secondItem="FYm-qS-kEa" secondAttribute="bottom" constant="6" id="o2P-MM-d3W"/>
                            <constraint firstItem="M9f-Q6-W8R" firstAttribute="leading" secondItem="zQj-vc-WQa" secondAttribute="leading" id="p0k-ab-4EM"/>
                            <constraint firstItem="M9f-Q6-W8R" firstAttribute="top" secondItem="aTv-Tl-Igw" secondAttribute="bottom" constant="18" id="rgB-ch-Ehg"/>
                            <constraint firstItem="v2O-4H-A6V" firstAttribute="leading" secondItem="18r-J7-wPr" secondAttribute="trailing" constant="1" id="ryV-UM-KCE"/>
                            <constraint firstItem="EFE-gV-uEq" firstAttribute="leading" secondItem="oGf-NP-OvH" secondAttribute="trailing" constant="94.5" id="s5i-Ov-J3Y"/>
                            <constraint firstItem="zQj-vc-WQa" firstAttribute="top" secondItem="M9f-Q6-W8R" secondAttribute="bottom" constant="16" id="sGx-HM-r0L"/>
                            <constraint firstItem="dlf-ni-JVK" firstAttribute="centerY" secondItem="aTv-Tl-Igw" secondAttribute="centerY" id="tNd-ym-do4"/>
                            <constraint firstItem="zQj-vc-WQa" firstAttribute="trailing" secondItem="bmB-G6-W3N" secondAttribute="trailing" id="tl5-so-GOI"/>
                            <constraint firstItem="oGf-NP-OvH" firstAttribute="centerX" secondItem="8bC-Xf-vdC" secondAttribute="centerX" id="v2P-6a-wJJ"/>
                            <constraint firstItem="dlf-ni-JVK" firstAttribute="top" secondItem="18r-J7-wPr" secondAttribute="bottom" constant="32" id="vnA-mL-nzu"/>
                            <constraint firstItem="mwm-2a-yKD" firstAttribute="centerX" secondItem="16Y-Ya-IvD" secondAttribute="centerX" id="x6w-n9-pEm"/>
                            <constraint firstItem="M9f-Q6-W8R" firstAttribute="trailing" secondItem="zQj-vc-WQa" secondAttribute="trailing" id="xPg-Es-qdc"/>
                            <constraint firstItem="v2O-4H-A6V" firstAttribute="trailing" secondItem="aTv-Tl-Igw" secondAttribute="trailing" id="xeP-37-JNi"/>
                            <constraint firstItem="1YL-Er-O3T" firstAttribute="centerY" secondItem="FYm-qS-kEa" secondAttribute="centerY" id="xlq-Kz-Scb"/>
                            <constraint firstItem="oGf-NP-OvH" firstAttribute="centerX" secondItem="v2O-4H-A6V" secondAttribute="centerX" id="zGr-2W-aAU"/>
                        </constraints>
                    </view>
                    <tabBarItem key="tabBarItem" title="Item" id="4UG-eN-PCf"/>
                    <connections>
                        <outlet property="AroundPeople" destination="FYm-qS-kEa" id="In1-0t-5Sv"/>
                        <outlet property="ageTextField" destination="aTv-Tl-Igw" id="fQG-Y2-sRS"/>
                        <outlet property="box1" destination="18r-J7-wPr" id="GtD-HL-XUi"/>
                        <outlet property="box2" destination="dlf-ni-JVK" id="M4Y-iL-bne"/>
                        <outlet property="box3" destination="OIo-ul-Psi" id="kPT-Zb-Sp3"/>
                        <outlet property="box4" destination="1YL-Er-O3T" id="Psj-Rs-9pQ"/>
                        <outlet property="favoriteDayTextField" destination="v2O-4H-A6V" id="WSt-wN-KhK"/>
                        <outlet property="percent" destination="oGf-NP-OvH" id="O0G-0S-bHt"/>
                        <outlet property="yesOrNo" destination="zQj-vc-WQa" id="jH2-JA-AMl"/>
                    </connections>
                </viewController>
                <placeholder placeholderIdentifier="IBFirstResponder" id="dkx-z0-nzr" sceneMemberID="firstResponder"/>
            </objects>
            <point key="canvasLocation" x="-649" y="668"/>
        </scene>
        <!--Item-->
        <scene sceneID="NHu-zK-cu9">
            <objects>
                <viewController id="3fO-SM-8wy" customClass="ViewController" customModule="Maryland_Covid_19_Chances" customModuleProvider="target" sceneMemberID="viewController">
                    <view key="view" contentMode="scaleToFill" id="mwU-zy-KD5">
                        <rect key="frame" x="0.0" y="0.0" width="414" height="896"/>
                        <autoresizingMask key="autoresizingMask" widthSizable="YES" heightSizable="YES"/>
                        <subviews>
                            <textField opaque="NO" contentMode="scaleToFill" fixedFrame="YES" contentHorizontalAlignment="left" contentVerticalAlignment="center" borderStyle="roundedRect" textAlignment="center" minimumFontSize="24" translatesAutoresizingMaskIntoConstraints="NO" id="RcR-hw-0FU">
                                <rect key="frame" x="46" y="184" width="323" height="38.5"/>
                                <autoresizingMask key="autoresizingMask" flexibleMaxX="YES" flexibleMaxY="YES"/>
                                <rect key="contentStretch" x="1" y="1" width="1" height="1"/>
                                <fontDescription key="fontDescription" type="system" pointSize="24"/>
                                <textInputTraits key="textInputTraits"/>
                            </textField>
                            <textField opaque="NO" contentMode="scaleToFill" fixedFrame="YES" contentHorizontalAlignment="left" contentVerticalAlignment="center" borderStyle="roundedRect" textAlignment="center" minimumFontSize="24" translatesAutoresizingMaskIntoConstraints="NO" id="UB7-Gz-hSZ">
                                <rect key="frame" x="46" y="312" width="323" height="38.5"/>
                                <autoresizingMask key="autoresizingMask" flexibleMaxX="YES" flexibleMaxY="YES"/>
                                <rect key="contentStretch" x="1" y="1" width="1" height="1"/>
                                <fontDescription key="fontDescription" type="system" pointSize="24"/>
                                <textInputTraits key="textInputTraits"/>
                            </textField>
                            <textField opaque="NO" contentMode="scaleToFill" fixedFrame="YES" contentHorizontalAlignment="left" contentVerticalAlignment="center" borderStyle="roundedRect" textAlignment="center" minimumFontSize="24" translatesAutoresizingMaskIntoConstraints="NO" id="nSZ-Qx-WXK">
                                <rect key="frame" x="46" y="380" width="323" height="38.5"/>
                                <autoresizingMask key="autoresizingMask" flexibleMaxX="YES" flexibleMaxY="YES"/>
                                <rect key="contentStretch" x="1" y="1" width="1" height="1"/>
                                <fontDescription key="fontDescription" type="system" pointSize="24"/>
                                <textInputTraits key="textInputTraits"/>
                            </textField>
                            <textField opaque="NO" contentMode="scaleToFill" fixedFrame="YES" contentHorizontalAlignment="left" contentVerticalAlignment="center" borderStyle="roundedRect" textAlignment="center" minimumFontSize="24" translatesAutoresizingMaskIntoConstraints="NO" id="Ype-tP-ghf">
                                <rect key="frame" x="46" y="250" width="323" height="38.5"/>
                                <autoresizingMask key="autoresizingMask" flexibleMaxX="YES" flexibleMaxY="YES"/>
                                <rect key="contentStretch" x="1" y="1" width="1" height="1"/>
                                <fontDescription key="fontDescription" type="system" pointSize="24"/>
                                <textInputTraits key="textInputTraits"/>
                            </textField>
                            <button opaque="NO" contentMode="scaleToFill" fixedFrame="YES" contentHorizontalAlignment="center" contentVerticalAlignment="center" buttonType="system" lineBreakMode="middleTruncation" translatesAutoresizingMaskIntoConstraints="NO" id="vy2-AT-9fI">
                                <rect key="frame" x="283" y="53" width="94" height="30"/>
                                <autoresizingMask key="autoresizingMask" flexibleMaxX="YES" flexibleMaxY="YES"/>
                                <state key="normal" title="Save Settings">
                                    <color key="titleColor" systemColor="systemBlueColor"/>
                                </state>
                                <connections>
                                    <action selector="getResults:" destination="3fO-SM-8wy" eventType="touchUpInside" id="cUU-r6-lm9"/>
                                </connections>
                            </button>
                            <pickerView contentMode="scaleToFill" fixedFrame="YES" translatesAutoresizingMaskIntoConstraints="NO" id="fg1-tQ-txO">
                                <rect key="frame" x="0.0" y="473" width="414" height="162"/>
                                <autoresizingMask key="autoresizingMask" widthSizable="YES" flexibleMaxY="YES"/>
                                <color key="tintColor" white="0.0" alpha="0.0" colorSpace="custom" customColorSpace="genericGamma22GrayColorSpace"/>
                            </pickerView>
                            <label opaque="NO" userInteractionEnabled="NO" contentMode="left" horizontalHuggingPriority="251" verticalHuggingPriority="251" fixedFrame="YES" text="vv" textAlignment="center" lineBreakMode="tailTruncation" baselineAdjustment="alignBaselines" adjustsFontSizeToFit="NO" translatesAutoresizingMaskIntoConstraints="NO" id="cAo-RK-282">
                                <rect key="frame" x="141" y="118" width="133" height="58"/>
                                <autoresizingMask key="autoresizingMask" flexibleMaxX="YES" flexibleMaxY="YES"/>
                                <fontDescription key="fontDescription" type="system" pointSize="23"/>
                                <nil key="highlightedColor"/>
                            </label>
                        </subviews>
                        <viewLayoutGuide key="safeArea" id="qeF-YO-wBt"/>
                        <color key="backgroundColor" systemColor="systemBackgroundColor"/>
                    </view>
                    <tabBarItem key="tabBarItem" title="Item" id="HKW-i3-vaE"/>
                    <navigationItem key="navigationItem" id="eUQ-5a-n5H"/>
                    <simulatedTabBarMetrics key="simulatedBottomBarMetrics"/>
                    <connections>
                        <outlet property="drugUse1" destination="nSZ-Qx-WXK" id="x7S-d2-fLg"/>
                        <outlet property="highBloodPessure1" destination="Ype-tP-ghf" id="WhU-si-Z0G"/>
                        <outlet property="historyWithFlu1" destination="RcR-hw-0FU" id="hBD-q7-icc"/>
                        <outlet property="immuneSystem1" destination="UB7-Gz-hSZ" id="f48-jo-XZL"/>
                        <outlet property="percent1" destination="cAo-RK-282" id="Ksr-N8-0TY"/>
                    </connections>
                </viewController>
                <placeholder placeholderIdentifier="IBFirstResponder" id="h8e-Np-EtG" userLabel="First Responder" customClass="UIResponder" sceneMemberID="firstResponder"/>
            </objects>
            <point key="canvasLocation" x="-704.34782608695662" y="1449.7767857142856"/>
        </scene>
        <!--Tab Bar Controller-->
        <scene sceneID="1bj-M9-XHq">
            <objects>
                <tabBarController id="Ob4-F1-fIv" sceneMemberID="viewController">
                    <tabBar key="tabBar" contentMode="scaleToFill" insetsLayoutMarginsFromSafeArea="NO" id="3k4-UY-myx">
                        <rect key="frame" x="0.0" y="0.0" width="414" height="49"/>
                        <autoresizingMask key="autoresizingMask"/>
                        <color key="backgroundColor" white="0.0" alpha="0.0" colorSpace="custom" customColorSpace="genericGamma22GrayColorSpace"/>
                    </tabBar>
                    <connections>
                        <segue destination="BYZ-38-t0r" kind="relationship" relationship="viewControllers" id="jRF-2H-J7L"/>
                        <segue destination="3fO-SM-8wy" kind="relationship" relationship="viewControllers" id="vKX-ya-zL7"/>
                    </connections>
                </tabBarController>
                <placeholder placeholderIdentifier="IBFirstResponder" id="xlR-QK-Oxx" userLabel="First Responder" customClass="UIResponder" sceneMemberID="firstResponder"/>
            </objects>
            <point key="canvasLocation" x="-1565" y="936"/>
        </scene>
    </scenes>
    <color key="tintColor" white="0.0" alpha="0.0" colorSpace="custom" customColorSpace="genericGamma22GrayColorSpace"/>
    <resources>
        <image name="exclamationmark.square.fill" catalog="system" width="32" height="32"/>
        <image name="gearshape.fill" catalog="system" width="128" height="121"/>
        <systemColor name="linkColor">
            <color red="0.0" green="0.47843137254901963" blue="1" alpha="1" colorSpace="custom" customColorSpace="sRGB"/>
        </systemColor>
        <systemColor name="systemBackgroundColor">
            <color white="1" alpha="1" colorSpace="custom" customColorSpace="genericGamma22GrayColorSpace"/>
        </systemColor>
        <systemColor name="systemBlueColor">
            <color red="0.0" green="0.47843137254901963" blue="1" alpha="1" colorSpace="custom" customColorSpace="sRGB"/>
        </systemColor>
        <systemColor name="systemPinkColor">
            <color red="1" green="0.17647058823529413" blue="0.33333333333333331" alpha="1" colorSpace="custom" customColorSpace="sRGB"/>
        </systemColor>
    </resources>
</document>
