<?xml version="1.0" encoding="UTF-8"?>
<document type="com.apple.InterfaceBuilder3.CocoaTouch.Storyboard.XIB" version="3.0" toolsVersion="17506" targetRuntime="iOS.CocoaTouch" propertyAccessControl="none" useAutolayout="YES" useTraitCollections="YES" useSafeAreas="YES" colorMatched="YES" initialViewController="Ob4-F1-fIv">
    <device id="retina6_1" orientation="portrait" appearance="light"/>
    <dependencies>
        <plugIn identifier="com.apple.InterfaceBuilder.IBCocoaTouchPlugin" version="17505"/>
        <capability name="Image references" minToolsVersion="12.0"/>
        <capability name="Named colors" minToolsVersion="9.0"/>
        <capability name="Safe area layout guides" minToolsVersion="9.0"/>
        <capability name="System colors in document resources" minToolsVersion="11.0"/>
        <capability name="documents saved in the Xcode 8 format" minToolsVersion="8.0"/>
    </dependencies>
    <scenes>
        <!--Chances-->
        <scene sceneID="tne-QT-ifu">
            <objects>
                <viewController id="BYZ-38-t0r" customClass="MainViewController" customModule="Maryland_Covid_19_Chances" customModuleProvider="target" sceneMemberID="viewController">
                    <view key="view" contentMode="scaleToFill" id="8bC-Xf-vdC">
                        <rect key="frame" x="0.0" y="0.0" width="414" height="896"/>
                        <autoresizingMask key="autoresizingMask" widthSizable="YES" heightSizable="YES"/>
                        <subviews>
                            <textField hidden="YES" opaque="NO" contentMode="scaleToFill" contentHorizontalAlignment="left" contentVerticalAlignment="center" borderStyle="roundedRect" textAlignment="natural" minimumFontSize="17" translatesAutoresizingMaskIntoConstraints="NO" id="D7q-Tm-4Dl">
                                <rect key="frame" x="57" y="290" width="300" height="34"/>
                                <color key="backgroundColor" systemColor="secondarySystemBackgroundColor"/>
                                <color key="tintColor" systemColor="secondarySystemBackgroundColor"/>
                                <fontDescription key="fontDescription" type="system" pointSize="14"/>
                                <textInputTraits key="textInputTraits"/>
                            </textField>
                            <textField hidden="YES" opaque="NO" contentMode="scaleToFill" contentHorizontalAlignment="left" contentVerticalAlignment="center" borderStyle="roundedRect" textAlignment="natural" minimumFontSize="17" translatesAutoresizingMaskIntoConstraints="NO" id="2Dc-TE-f7C">
                                <rect key="frame" x="57" y="290" width="300" height="34"/>
                                <color key="backgroundColor" systemColor="secondarySystemBackgroundColor"/>
                                <color key="tintColor" systemColor="secondarySystemBackgroundColor"/>
                                <fontDescription key="fontDescription" type="system" pointSize="14"/>
                                <textInputTraits key="textInputTraits"/>
                            </textField>
                            <textField hidden="YES" opaque="NO" contentMode="scaleToFill" contentHorizontalAlignment="left" contentVerticalAlignment="center" borderStyle="roundedRect" textAlignment="natural" minimumFontSize="17" translatesAutoresizingMaskIntoConstraints="NO" id="ZaX-Uq-gM3">
                                <rect key="frame" x="57" y="290" width="300" height="34"/>
                                <color key="backgroundColor" systemColor="secondarySystemBackgroundColor"/>
                                <color key="tintColor" systemColor="secondarySystemBackgroundColor"/>
                                <fontDescription key="fontDescription" type="system" pointSize="14"/>
                                <textInputTraits key="textInputTraits"/>
                            </textField>
                            <textField hidden="YES" opaque="NO" contentMode="scaleToFill" contentHorizontalAlignment="left" contentVerticalAlignment="center" borderStyle="roundedRect" textAlignment="natural" minimumFontSize="17" translatesAutoresizingMaskIntoConstraints="NO" id="hnV-5L-gcT">
                                <rect key="frame" x="57" y="290" width="300" height="34"/>
                                <color key="backgroundColor" systemColor="secondarySystemBackgroundColor"/>
                                <color key="tintColor" systemColor="secondarySystemBackgroundColor"/>
                                <fontDescription key="fontDescription" type="system" pointSize="14"/>
                                <textInputTraits key="textInputTraits"/>
                            </textField>
                            <textField hidden="YES" opaque="NO" contentMode="scaleToFill" contentHorizontalAlignment="left" contentVerticalAlignment="center" borderStyle="roundedRect" textAlignment="natural" minimumFontSize="17" translatesAutoresizingMaskIntoConstraints="NO" id="V5y-Bl-Zqi">
                                <rect key="frame" x="57" y="290" width="300" height="34"/>
                                <color key="backgroundColor" systemColor="secondarySystemBackgroundColor"/>
                                <color key="tintColor" systemColor="secondarySystemBackgroundColor"/>
                                <fontDescription key="fontDescription" type="system" pointSize="14"/>
                                <textInputTraits key="textInputTraits"/>
                            </textField>
                            <textField hidden="YES" opaque="NO" contentMode="scaleToFill" contentHorizontalAlignment="left" contentVerticalAlignment="center" borderStyle="roundedRect" textAlignment="natural" minimumFontSize="17" translatesAutoresizingMaskIntoConstraints="NO" id="bGI-jx-oa4">
                                <rect key="frame" x="57" y="290" width="300" height="34"/>
                                <color key="backgroundColor" systemColor="secondarySystemBackgroundColor"/>
                                <color key="tintColor" systemColor="secondarySystemBackgroundColor"/>
                                <fontDescription key="fontDescription" type="system" pointSize="14"/>
                                <textInputTraits key="textInputTraits"/>
                            </textField>
                            <textField hidden="YES" opaque="NO" contentMode="scaleToFill" contentHorizontalAlignment="left" contentVerticalAlignment="center" borderStyle="roundedRect" textAlignment="natural" minimumFontSize="17" translatesAutoresizingMaskIntoConstraints="NO" id="aHU-jR-V1H">
                                <rect key="frame" x="57" y="290" width="300" height="34"/>
                                <color key="backgroundColor" systemColor="secondarySystemBackgroundColor"/>
                                <color key="tintColor" systemColor="secondarySystemBackgroundColor"/>
                                <fontDescription key="fontDescription" type="system" pointSize="14"/>
                                <textInputTraits key="textInputTraits"/>
                            </textField>
                            <button opaque="NO" contentMode="scaleToFill" contentHorizontalAlignment="center" contentVerticalAlignment="center" buttonType="system" lineBreakMode="middleTruncation" translatesAutoresizingMaskIntoConstraints="NO" id="Efe-ho-OTi">
                                <rect key="frame" x="270" y="418" width="144" height="45"/>
                                <color key="backgroundColor" red="0.25910783678756477" green="0.25910783678756477" blue="0.25910783678756477" alpha="1" colorSpace="custom" customColorSpace="sRGB"/>
                                <constraints>
                                    <constraint firstAttribute="width" constant="144" id="wcu-cP-P7b"/>
                                </constraints>
                                <fontDescription key="fontDescription" type="system" pointSize="15"/>
                                <state key="normal" title="Next">
                                    <color key="titleColor" white="1" alpha="1" colorSpace="custom" customColorSpace="genericGamma22GrayColorSpace"/>
                                    <color key="titleShadowColor" systemColor="systemTealColor"/>
                                </state>
                                <connections>
                                    <action selector="getResults:" destination="BYZ-38-t0r" eventType="touchUpInside" id="DCA-Kq-c8S"/>
                                </connections>
                            </button>
                            <button opaque="NO" contentMode="scaleToFill" contentHorizontalAlignment="center" contentVerticalAlignment="center" buttonType="system" lineBreakMode="middleTruncation" translatesAutoresizingMaskIntoConstraints="NO" id="c5D-Pf-M4f">
                                <rect key="frame" x="0.0" y="418" width="144" height="45"/>
                                <color key="backgroundColor" red="0.25910783678756477" green="0.25910783678756477" blue="0.25910783678756477" alpha="1" colorSpace="custom" customColorSpace="sRGB"/>
                                <constraints>
                                    <constraint firstAttribute="width" constant="144" id="ghh-aJ-MaX"/>
                                    <constraint firstAttribute="height" constant="45" id="pn8-AB-Ft1"/>
                                </constraints>
                                <fontDescription key="fontDescription" type="system" pointSize="15"/>
                                <state key="normal" title="Back">
                                    <color key="titleColor" white="1" alpha="1" colorSpace="custom" customColorSpace="genericGamma22GrayColorSpace"/>
                                    <color key="titleShadowColor" systemColor="systemTealColor"/>
                                </state>
                                <connections>
                                    <action selector="backResult:" destination="BYZ-38-t0r" eventType="touchUpInside" id="LrY-N1-c7k"/>
                                </connections>
                            </button>
                            <label hidden="YES" opaque="NO" userInteractionEnabled="NO" contentMode="left" horizontalHuggingPriority="251" verticalHuggingPriority="251" text="Label" textAlignment="natural" lineBreakMode="tailTruncation" baselineAdjustment="alignBaselines" adjustsFontSizeToFit="NO" translatesAutoresizingMaskIntoConstraints="NO" id="Xny-ew-gFG">
                                <rect key="frame" x="76" y="390.5" width="42" height="21"/>
                                <fontDescription key="fontDescription" type="system" pointSize="17"/>
                                <color key="textColor" white="0.33333333333333331" alpha="1" colorSpace="custom" customColorSpace="genericGamma22GrayColorSpace"/>
                                <nil key="highlightedColor"/>
                            </label>
                            <label hidden="YES" opaque="NO" userInteractionEnabled="NO" contentMode="left" horizontalHuggingPriority="251" verticalHuggingPriority="251" text="Label" textAlignment="natural" lineBreakMode="tailTruncation" baselineAdjustment="alignBaselines" adjustsFontSizeToFit="NO" translatesAutoresizingMaskIntoConstraints="NO" id="fYf-0w-YcT">
                                <rect key="frame" x="76" y="419.5" width="42" height="20.5"/>
                                <fontDescription key="fontDescription" type="system" pointSize="17"/>
                                <color key="textColor" white="0.33333333333333331" alpha="1" colorSpace="custom" customColorSpace="genericGamma22GrayColorSpace"/>
                                <nil key="highlightedColor"/>
                            </label>
                            <label hidden="YES" opaque="NO" userInteractionEnabled="NO" contentMode="left" horizontalHuggingPriority="251" verticalHuggingPriority="251" text="Label" textAlignment="natural" lineBreakMode="tailTruncation" baselineAdjustment="alignBaselines" adjustsFontSizeToFit="NO" translatesAutoresizingMaskIntoConstraints="NO" id="ekz-Jc-dDg">
                                <rect key="frame" x="258" y="389.5" width="42" height="21"/>
                                <fontDescription key="fontDescription" type="system" pointSize="17"/>
                                <color key="textColor" white="0.33333333333333331" alpha="1" colorSpace="custom" customColorSpace="genericGamma22GrayColorSpace"/>
                                <nil key="highlightedColor"/>
                            </label>
                            <label hidden="YES" opaque="NO" userInteractionEnabled="NO" contentMode="left" horizontalHuggingPriority="251" verticalHuggingPriority="251" text="Label" textAlignment="natural" lineBreakMode="tailTruncation" baselineAdjustment="alignBaselines" adjustsFontSizeToFit="NO" translatesAutoresizingMaskIntoConstraints="NO" id="KbX-YB-Z85">
                                <rect key="frame" x="258" y="418.5" width="42" height="20.5"/>
                                <fontDescription key="fontDescription" type="system" pointSize="17"/>
                                <color key="textColor" white="0.33333333333333331" alpha="1" colorSpace="custom" customColorSpace="genericGamma22GrayColorSpace"/>
                                <nil key="highlightedColor"/>
                            </label>
                            <label hidden="YES" opaque="NO" userInteractionEnabled="NO" contentMode="left" horizontalHuggingPriority="251" verticalHuggingPriority="251" text="Label" textAlignment="natural" lineBreakMode="tailTruncation" baselineAdjustment="alignBaselines" adjustsFontSizeToFit="NO" translatesAutoresizingMaskIntoConstraints="NO" id="mVb-x4-sKd">
                                <rect key="frame" x="96" y="480" width="42" height="21"/>
                                <fontDescription key="fontDescription" type="system" pointSize="17"/>
                                <color key="textColor" white="0.33333333333333331" alpha="1" colorSpace="custom" customColorSpace="genericGamma22GrayColorSpace"/>
                                <nil key="highlightedColor"/>
                            </label>
                            <label hidden="YES" opaque="NO" userInteractionEnabled="NO" contentMode="left" horizontalHuggingPriority="251" verticalHuggingPriority="251" text="Label" textAlignment="natural" lineBreakMode="tailTruncation" baselineAdjustment="alignBaselines" adjustsFontSizeToFit="NO" translatesAutoresizingMaskIntoConstraints="NO" id="gZ2-rK-LgK">
                                <rect key="frame" x="96" y="509" width="42" height="20.5"/>
                                <fontDescription key="fontDescription" type="system" pointSize="17"/>
                                <color key="textColor" white="0.33333333333333331" alpha="1" colorSpace="custom" customColorSpace="genericGamma22GrayColorSpace"/>
                                <nil key="highlightedColor"/>
                            </label>
                            <label hidden="YES" opaque="NO" userInteractionEnabled="NO" contentMode="left" horizontalHuggingPriority="251" verticalHuggingPriority="251" text="Label" textAlignment="natural" lineBreakMode="tailTruncation" baselineAdjustment="alignBaselines" adjustsFontSizeToFit="NO" translatesAutoresizingMaskIntoConstraints="NO" id="pOJ-7V-JEl">
                                <rect key="frame" x="278" y="479" width="42" height="21"/>
                                <fontDescription key="fontDescription" type="system" pointSize="17"/>
                                <color key="textColor" white="0.33333333333333331" alpha="1" colorSpace="custom" customColorSpace="genericGamma22GrayColorSpace"/>
                                <nil key="highlightedColor"/>
                            </label>
                            <label hidden="YES" opaque="NO" userInteractionEnabled="NO" contentMode="left" horizontalHuggingPriority="251" verticalHuggingPriority="251" text="Label" textAlignment="natural" lineBreakMode="tailTruncation" baselineAdjustment="alignBaselines" adjustsFontSizeToFit="NO" translatesAutoresizingMaskIntoConstraints="NO" id="Rsg-SD-UGO">
                                <rect key="frame" x="278" y="508" width="42" height="20.5"/>
                                <fontDescription key="fontDescription" type="system" pointSize="17"/>
                                <color key="textColor" white="0.33333333333333331" alpha="1" colorSpace="custom" customColorSpace="genericGamma22GrayColorSpace"/>
                                <nil key="highlightedColor"/>
                            </label>
                            <textField hidden="YES" opaque="NO" contentMode="scaleToFill" contentHorizontalAlignment="left" contentVerticalAlignment="center" borderStyle="roundedRect" textAlignment="natural" minimumFontSize="17" translatesAutoresizingMaskIntoConstraints="NO" id="n5C-Ml-AcH">
                                <rect key="frame" x="57" y="290" width="300" height="34"/>
                                <color key="backgroundColor" systemColor="secondarySystemBackgroundColor"/>
                                <color key="tintColor" systemColor="secondarySystemBackgroundColor"/>
                                <fontDescription key="fontDescription" type="system" pointSize="14"/>
                                <textInputTraits key="textInputTraits"/>
                            </textField>
                            <label opaque="NO" userInteractionEnabled="NO" contentMode="left" horizontalHuggingPriority="251" verticalHuggingPriority="251" text="Select County" lineBreakMode="tailTruncation" numberOfLines="4" baselineAdjustment="alignBaselines" adjustsFontSizeToFit="NO" translatesAutoresizingMaskIntoConstraints="NO" id="GM5-cZ-tv5">
                                <rect key="frame" x="57" y="220" width="300" height="69"/>
                                <constraints>
                                    <constraint firstAttribute="height" constant="69" id="cv7-lV-sc5"/>
                                </constraints>
                                <fontDescription key="fontDescription" type="system" pointSize="16"/>
                                <color key="textColor" white="0.0" alpha="1" colorSpace="custom" customColorSpace="genericGamma22GrayColorSpace"/>
                                <nil key="highlightedColor"/>
                                <color key="shadowColor" white="0.0" alpha="1" colorSpace="custom" customColorSpace="genericGamma22GrayColorSpace"/>
                                <size key="shadowOffset" width="0.0" height="0.0"/>
                            </label>
                            <label opaque="NO" userInteractionEnabled="NO" contentMode="left" horizontalHuggingPriority="251" verticalHuggingPriority="251" text="" textAlignment="center" lineBreakMode="tailTruncation" baselineAdjustment="alignBaselines" adjustsFontSizeToFit="NO" translatesAutoresizingMaskIntoConstraints="NO" id="WBx-mf-okB">
                                <rect key="frame" x="0.0" y="112" width="414" height="59"/>
                                <constraints>
                                    <constraint firstAttribute="height" constant="59" id="mev-ca-44a"/>
                                </constraints>
                                <fontDescription key="fontDescription" type="system" pointSize="24"/>
                                <color key="textColor" systemColor="systemGray2Color"/>
                                <nil key="highlightedColor"/>
                                <color key="shadowColor" systemColor="labelColor"/>
                                <size key="shadowOffset" width="-1" height="-1"/>
                            </label>
                            <button hidden="YES" opaque="NO" contentMode="scaleToFill" contentHorizontalAlignment="center" contentVerticalAlignment="center" lineBreakMode="middleTruncation" translatesAutoresizingMaskIntoConstraints="NO" id="zWB-ut-DM8">
                                <rect key="frame" x="15" y="287" width="40" height="40"/>
                                <constraints>
                                    <constraint firstAttribute="height" constant="40" id="D4x-rQ-WvB"/>
                                </constraints>
                                <fontDescription key="fontDescription" type="system" pointSize="27"/>
                                <color key="tintColor" systemColor="systemPinkColor"/>
                                <state key="normal">
                                    <color key="titleColor" systemColor="linkColor"/>
                                    <color key="titleShadowColor" systemColor="systemOrangeColor"/>
                                    <imageReference key="image" image="exclamationmark.square.fill" catalog="system" symbolScale="large"/>
                                </state>
                            </button>
                            <imageView clipsSubviews="YES" userInteractionEnabled="NO" contentMode="scaleAspectFit" horizontalHuggingPriority="251" verticalHuggingPriority="251" image="circle" catalog="system" translatesAutoresizingMaskIntoConstraints="NO" id="b0B-DE-cRP">
                                <rect key="frame" x="83" y="78.5" width="240" height="128"/>
                                <color key="tintColor" name="AccentColor"/>
                            </imageView>
                        </subviews>
                        <viewLayoutGuide key="safeArea" id="6Tk-OE-BBY"/>
                        <color key="backgroundColor" white="1" alpha="1" colorSpace="custom" customColorSpace="genericGamma22GrayColorSpace"/>
                        <color key="tintColor" white="1" alpha="1" colorSpace="custom" customColorSpace="genericGamma22GrayColorSpace"/>
                        <constraints>
                            <constraint firstItem="KbX-YB-Z85" firstAttribute="top" secondItem="ekz-Jc-dDg" secondAttribute="bottom" constant="8" symbolic="YES" id="1gW-LK-2XQ"/>
                            <constraint firstItem="ekz-Jc-dDg" firstAttribute="leading" secondItem="KbX-YB-Z85" secondAttribute="leading" id="2lB-gY-s9H"/>
                            <constraint firstItem="c5D-Pf-M4f" firstAttribute="top" secondItem="gZ2-rK-LgK" secondAttribute="bottom" constant="-111.5" id="35H-KS-Chu"/>
                            <constraint firstItem="bGI-jx-oa4" firstAttribute="leading" secondItem="D7q-Tm-4Dl" secondAttribute="leading" id="3OH-RP-5fj"/>
                            <constraint firstItem="6Tk-OE-BBY" firstAttribute="trailing" secondItem="GM5-cZ-tv5" secondAttribute="trailing" constant="57" id="4a1-Kf-Crr"/>
                            <constraint firstItem="mVb-x4-sKd" firstAttribute="top" secondItem="fYf-0w-YcT" secondAttribute="bottom" constant="40" id="6PX-c0-8jx"/>
                            <constraint firstItem="D7q-Tm-4Dl" firstAttribute="trailing" secondItem="aHU-jR-V1H" secondAttribute="trailing" id="6So-lh-ywZ"/>
                            <constraint firstItem="6Tk-OE-BBY" firstAttribute="trailing" secondItem="b0B-DE-cRP" secondAttribute="trailing" constant="91" id="7Nl-cU-l6R"/>
                            <constraint firstAttribute="trailing" secondItem="WBx-mf-okB" secondAttribute="trailing" id="7zS-qy-Kw1"/>
                            <constraint firstItem="Rsg-SD-UGO" firstAttribute="top" secondItem="pOJ-7V-JEl" secondAttribute="bottom" constant="8" symbolic="YES" id="9jU-wC-Gfd"/>
                            <constraint firstItem="Efe-ho-OTi" firstAttribute="trailing" secondItem="WBx-mf-okB" secondAttribute="trailing" id="9zj-Gr-Wq1"/>
                            <constraint firstItem="2Dc-TE-f7C" firstAttribute="top" secondItem="aHU-jR-V1H" secondAttribute="top" id="BLl-0m-9op"/>
                            <constraint firstItem="GM5-cZ-tv5" firstAttribute="leading" secondItem="V5y-Bl-Zqi" secondAttribute="leading" id="BWD-yk-Prc"/>
                            <constraint firstItem="pOJ-7V-JEl" firstAttribute="leading" secondItem="Rsg-SD-UGO" secondAttribute="leading" id="CLv-Po-ggw"/>
                            <constraint firstItem="Xny-ew-gFG" firstAttribute="leading" secondItem="fYf-0w-YcT" secondAttribute="leading" id="CbX-Oa-a1N"/>
                            <constraint firstItem="hnV-5L-gcT" firstAttribute="top" secondItem="bGI-jx-oa4" secondAttribute="top" id="Hwl-0B-q9g"/>
                            <constraint firstItem="WBx-mf-okB" firstAttribute="centerX" secondItem="GM5-cZ-tv5" secondAttribute="centerX" id="JH7-g3-KUv"/>
                            <constraint firstItem="hnV-5L-gcT" firstAttribute="top" secondItem="V5y-Bl-Zqi" secondAttribute="top" id="JJL-Cb-lya"/>
                            <constraint firstItem="Xny-ew-gFG" firstAttribute="top" secondItem="D7q-Tm-4Dl" secondAttribute="bottom" constant="66.5" id="JeR-6u-mfk"/>
                            <constraint firstItem="mVb-x4-sKd" firstAttribute="leading" secondItem="gZ2-rK-LgK" secondAttribute="leading" id="KSC-zC-fLF"/>
                            <constraint firstItem="ZaX-Uq-gM3" firstAttribute="leading" secondItem="2Dc-TE-f7C" secondAttribute="leading" id="LbO-cH-snl"/>
                            <constraint firstItem="WBx-mf-okB" firstAttribute="leading" secondItem="8bC-Xf-vdC" secondAttribute="leading" id="MVv-jt-rLx"/>
                            <constraint firstItem="b0B-DE-cRP" firstAttribute="top" secondItem="6Tk-OE-BBY" secondAttribute="top" constant="34" id="Ng0-L3-6Zc"/>
                            <constraint firstItem="GM5-cZ-tv5" firstAttribute="trailing" secondItem="hnV-5L-gcT" secondAttribute="trailing" id="QmL-Yq-hym"/>
                            <constraint firstItem="n5C-Ml-AcH" firstAttribute="trailing" secondItem="hnV-5L-gcT" secondAttribute="trailing" id="Quv-Fx-Jjv"/>
                            <constraint firstItem="mVb-x4-sKd" firstAttribute="leading" secondItem="6Tk-OE-BBY" secondAttribute="leading" constant="96" id="S8S-ZX-2a9"/>
                            <constraint firstItem="ZaX-Uq-gM3" firstAttribute="leading" secondItem="aHU-jR-V1H" secondAttribute="leading" id="SJy-td-H2S"/>
                            <constraint firstItem="n5C-Ml-AcH" firstAttribute="top" secondItem="D7q-Tm-4Dl" secondAttribute="top" id="SKf-4R-Okl"/>
                            <constraint firstItem="zWB-ut-DM8" firstAttribute="bottom" secondItem="bGI-jx-oa4" secondAttribute="bottom" constant="3" id="V4z-pL-8DB"/>
                            <constraint firstItem="bGI-jx-oa4" firstAttribute="top" secondItem="GM5-cZ-tv5" secondAttribute="bottom" constant="1" id="XHF-H8-lCg"/>
                            <constraint firstItem="6Tk-OE-BBY" firstAttribute="trailing" secondItem="pOJ-7V-JEl" secondAttribute="trailing" constant="94" id="XkC-6f-AoS"/>
                            <constraint firstItem="ZaX-Uq-gM3" firstAttribute="leading" secondItem="hnV-5L-gcT" secondAttribute="leading" id="Y0o-WS-qfg"/>
                            <constraint firstItem="c5D-Pf-M4f" firstAttribute="leading" secondItem="WBx-mf-okB" secondAttribute="leading" id="Yov-JT-IAR"/>
                            <constraint firstItem="hnV-5L-gcT" firstAttribute="top" secondItem="n5C-Ml-AcH" secondAttribute="top" id="YqL-iJ-U2U"/>
                            <constraint firstItem="b0B-DE-cRP" firstAttribute="leading" secondItem="6Tk-OE-BBY" secondAttribute="leading" constant="83" id="ZPL-uP-Ckk"/>
                            <constraint firstItem="pOJ-7V-JEl" firstAttribute="top" secondItem="KbX-YB-Z85" secondAttribute="bottom" constant="40" id="bDe-6K-lOR"/>
                            <constraint firstItem="Xny-ew-gFG" firstAttribute="leading" secondItem="6Tk-OE-BBY" secondAttribute="leading" constant="76" id="bQR-bV-7Wi"/>
                            <constraint firstItem="c5D-Pf-M4f" firstAttribute="baseline" secondItem="Efe-ho-OTi" secondAttribute="firstBaseline" id="ci1-OW-Klf"/>
                            <constraint firstItem="ZaX-Uq-gM3" firstAttribute="trailing" secondItem="bGI-jx-oa4" secondAttribute="trailing" id="dPn-ij-JPs"/>
                            <constraint firstItem="ekz-Jc-dDg" firstAttribute="top" secondItem="D7q-Tm-4Dl" secondAttribute="bottom" constant="65.5" id="f93-V8-Gah"/>
                            <constraint firstItem="gZ2-rK-LgK" firstAttribute="top" secondItem="mVb-x4-sKd" secondAttribute="bottom" constant="8" symbolic="YES" id="fO2-3A-7qc"/>
                            <constraint firstItem="n5C-Ml-AcH" firstAttribute="leading" secondItem="ZaX-Uq-gM3" secondAttribute="leading" id="fcm-6H-wf6"/>
                            <constraint firstItem="GM5-cZ-tv5" firstAttribute="top" secondItem="b0B-DE-cRP" secondAttribute="bottom" constant="13" id="fpl-CM-KPk"/>
                            <constraint firstItem="6Tk-OE-BBY" firstAttribute="trailing" secondItem="ekz-Jc-dDg" secondAttribute="trailing" constant="114" id="g9L-9L-Kdd"/>
                            <constraint firstItem="GM5-cZ-tv5" firstAttribute="top" secondItem="6Tk-OE-BBY" secondAttribute="top" constant="176" id="gqj-DS-6iq"/>
                            <constraint firstItem="2Dc-TE-f7C" firstAttribute="top" secondItem="ZaX-Uq-gM3" secondAttribute="top" id="h33-Tk-j2B"/>
                            <constraint firstItem="aHU-jR-V1H" firstAttribute="trailing" secondItem="V5y-Bl-Zqi" secondAttribute="trailing" id="kpE-pH-Y6t"/>
                            <constraint firstItem="fYf-0w-YcT" firstAttribute="top" secondItem="Xny-ew-gFG" secondAttribute="bottom" constant="8" symbolic="YES" id="kx7-Mh-tJl"/>
                            <constraint firstItem="D7q-Tm-4Dl" firstAttribute="top" secondItem="2Dc-TE-f7C" secondAttribute="top" id="lUg-0o-84f"/>
                            <constraint firstItem="zWB-ut-DM8" firstAttribute="leading" secondItem="6Tk-OE-BBY" secondAttribute="leading" constant="15" id="nef-FC-jbI"/>
                            <constraint firstItem="n5C-Ml-AcH" firstAttribute="trailing" secondItem="aHU-jR-V1H" secondAttribute="trailing" id="obB-3H-1If"/>
                            <constraint firstItem="WBx-mf-okB" firstAttribute="top" secondItem="6Tk-OE-BBY" secondAttribute="top" constant="68" id="rDP-8w-ZJP"/>
                            <constraint firstItem="ZaX-Uq-gM3" firstAttribute="trailing" secondItem="aHU-jR-V1H" secondAttribute="trailing" id="sqA-b2-W9a"/>
                            <constraint firstItem="2Dc-TE-f7C" firstAttribute="leading" secondItem="V5y-Bl-Zqi" secondAttribute="leading" id="u3G-QG-vY1"/>
                            <constraint firstItem="c5D-Pf-M4f" firstAttribute="top" secondItem="Efe-ho-OTi" secondAttribute="top" id="wnY-8k-I0r"/>
                            <constraint firstItem="GM5-cZ-tv5" firstAttribute="leading" secondItem="zWB-ut-DM8" secondAttribute="trailing" constant="2" id="wxF-of-Gxe"/>
                            <constraint firstItem="V5y-Bl-Zqi" firstAttribute="trailing" secondItem="2Dc-TE-f7C" secondAttribute="trailing" id="zR2-NU-Buu"/>
                            <constraint firstItem="bGI-jx-oa4" firstAttribute="leading" secondItem="ZaX-Uq-gM3" secondAttribute="leading" id="zp1-BR-6xv"/>
                        </constraints>
                    </view>
                    <tabBarItem key="tabBarItem" title="Chances" id="4UG-eN-PCf" userLabel="Cbances">
                        <imageReference key="image" image="percent" catalog="system" symbolScale="medium"/>
                        <color key="badgeColor" white="1" alpha="1" colorSpace="custom" customColorSpace="genericGamma22GrayColorSpace"/>
                        <imageReference key="selectedImage" image="percent" catalog="system" symbolScale="medium"/>
                    </tabBarItem>
                    <connections>
                        <outlet property="AroundPeople" destination="hnV-5L-gcT" id="xMF-t0-lYd"/>
                        <outlet property="ageTextField" destination="D7q-Tm-4Dl" id="RY3-uX-Gta"/>
                        <outlet property="backResult2" destination="c5D-Pf-M4f" id="AQS-UG-1KG"/>
                        <outlet property="box1" destination="zWB-ut-DM8" id="rGK-yX-WcZ"/>
                        <outlet property="drugUse1" destination="aHU-jR-V1H" id="N9w-1f-pj2"/>
                        <outlet property="favoriteDayTextField" destination="2Dc-TE-f7C" id="Pjj-Lu-Fug"/>
                        <outlet property="highBloodPessure1" destination="n5C-Ml-AcH" id="bbl-u3-rht"/>
                        <outlet property="historyWithFlu1" destination="V5y-Bl-Zqi" id="6q6-7c-XKZ"/>
                        <outlet property="immuneSystem1" destination="bGI-jx-oa4" id="XQo-sW-CIJ"/>
                        <outlet property="infoTrack" destination="Xny-ew-gFG" id="2DS-uS-07V"/>
                        <outlet property="infoTrack1" destination="fYf-0w-YcT" id="dpn-IZ-gha"/>
                        <outlet property="introTrack2" destination="mVb-x4-sKd" id="fEA-9C-Q6o"/>
                        <outlet property="introTrack3" destination="gZ2-rK-LgK" id="ka1-yD-5bP"/>
                        <outlet property="introTrack4" destination="ekz-Jc-dDg" id="6a6-HX-qPk"/>
                        <outlet property="introTrack5" destination="KbX-YB-Z85" id="VFZ-U6-8Zj"/>
                        <outlet property="introTrack6" destination="pOJ-7V-JEl" id="ZqL-Na-0O3"/>
                        <outlet property="introTrack7" destination="Rsg-SD-UGO" id="DAK-Fn-8GN"/>
                        <outlet property="nextResults" destination="Efe-ho-OTi" id="epJ-qi-Ina"/>
                        <outlet property="percent" destination="WBx-mf-okB" id="axg-vS-bKd"/>
                        <outlet property="questions" destination="GM5-cZ-tv5" id="Icr-pe-Z7W"/>
                        <outlet property="yesOrNo" destination="ZaX-Uq-gM3" id="omC-lM-efv"/>
                    </connections>
                </viewController>
                <placeholder placeholderIdentifier="IBFirstResponder" id="dkx-z0-nzr" sceneMemberID="firstResponder"/>
            </objects>
            <point key="canvasLocation" x="-665.21739130434787" y="849.77678571428567"/>
        </scene>
        <!--Find A Primary Care Physician-->
        <scene sceneID="vuB-Kl-5tt">
            <objects>
                <viewController id="0cX-ku-oAl" customClass="CareViewController" customModule="Maryland_Covid_19_Chances" customModuleProvider="target" sceneMemberID="viewController">
                    <view key="view" contentMode="scaleToFill" id="Db4-L7-CQp">
                        <rect key="frame" x="0.0" y="0.0" width="414" height="896"/>
                        <autoresizingMask key="autoresizingMask" widthSizable="YES" heightSizable="YES"/>
                        <subviews>
                            <label hidden="YES" opaque="NO" userInteractionEnabled="NO" contentMode="left" horizontalHuggingPriority="251" verticalHuggingPriority="251" text="Label" textAlignment="natural" lineBreakMode="tailTruncation" baselineAdjustment="alignBaselines" adjustsFontSizeToFit="NO" translatesAutoresizingMaskIntoConstraints="NO" id="vtm-d9-63u">
                                <rect key="frame" x="8" y="130" width="41.5" height="20.5"/>
                                <fontDescription key="fontDescription" type="system" pointSize="17"/>
                                <color key="textColor" white="0.33333333329999998" alpha="1" colorSpace="custom" customColorSpace="genericGamma22GrayColorSpace"/>
                                <nil key="highlightedColor"/>
                            </label>
                            <label opaque="NO" userInteractionEnabled="NO" contentMode="left" horizontalHuggingPriority="251" verticalHuggingPriority="251" text="Find Primary Care Physician" textAlignment="center" lineBreakMode="tailTruncation" numberOfLines="5" baselineAdjustment="alignBaselines" adjustsFontSizeToFit="NO" translatesAutoresizingMaskIntoConstraints="NO" id="cvc-e8-bla">
                                <rect key="frame" x="53" y="68" width="301" height="35"/>
                                <constraints>
                                    <constraint firstAttribute="height" constant="35" id="0q9-GH-0fL"/>
                                </constraints>
                                <fontDescription key="fontDescription" type="system" pointSize="20"/>
                                <color key="textColor" white="0.0" alpha="1" colorSpace="custom" customColorSpace="genericGamma22GrayColorSpace"/>
                                <nil key="highlightedColor"/>
                                <color key="shadowColor" white="0.0" alpha="1" colorSpace="custom" customColorSpace="genericGamma22GrayColorSpace"/>
                                <size key="shadowOffset" width="0.0" height="0.0"/>
                            </label>
                            <textField opaque="NO" contentMode="scaleToFill" contentHorizontalAlignment="left" contentVerticalAlignment="center" borderStyle="roundedRect" textAlignment="natural" minimumFontSize="17" translatesAutoresizingMaskIntoConstraints="NO" id="77u-6K-VuF">
                                <rect key="frame" x="53" y="182.5" width="301" height="35"/>
                                <color key="backgroundColor" systemColor="secondarySystemBackgroundColor"/>
                                <color key="tintColor" systemColor="secondarySystemBackgroundColor"/>
                                <constraints>
                                    <constraint firstAttribute="height" constant="35" id="6nS-gr-QzX"/>
                                </constraints>
                                <fontDescription key="fontDescription" type="system" pointSize="14"/>
                                <textInputTraits key="textInputTraits"/>
                            </textField>
                            <wkWebView alpha="0.94999999999999996" contentMode="scaleToFill" translatesAutoresizingMaskIntoConstraints="NO" id="Q1x-2V-C42">
                                <rect key="frame" x="-5" y="226" width="436" height="569"/>
                                <color key="backgroundColor" white="0.33333333333333331" alpha="1" colorSpace="custom" customColorSpace="genericGamma22GrayColorSpace"/>
                                <color key="tintColor" white="0.33333333333333331" alpha="1" colorSpace="custom" customColorSpace="genericGamma22GrayColorSpace"/>
                                <wkWebViewConfiguration key="configuration">
                                    <audiovisualMediaTypes key="mediaTypesRequiringUserActionForPlayback" none="YES"/>
                                    <wkPreferences key="preferences"/>
                                </wkWebViewConfiguration>
                            </wkWebView>
                            <label opaque="NO" userInteractionEnabled="NO" contentMode="left" horizontalHuggingPriority="251" verticalHuggingPriority="251" text="" textAlignment="center" lineBreakMode="tailTruncation" numberOfLines="3" baselineAdjustment="alignBaselines" adjustsFontSizeToFit="NO" translatesAutoresizingMaskIntoConstraints="NO" id="vT8-oj-ibO">
                                <rect key="frame" x="53" y="110.5" width="298" height="63.5"/>
                                <fontDescription key="fontDescription" type="system" pointSize="17"/>
                                <nil key="textColor"/>
                                <nil key="highlightedColor"/>
                            </label>
                            <button hidden="YES" opaque="NO" contentMode="scaleToFill" contentHorizontalAlignment="center" contentVerticalAlignment="center" lineBreakMode="middleTruncation" translatesAutoresizingMaskIntoConstraints="NO" id="EOh-Kk-lpN">
                                <rect key="frame" x="8" y="180" width="41.5" height="40"/>
                                <state key="normal" image="exclamationmark.square.fill" catalog="system">
                                    <color key="titleColor" systemColor="linkColor"/>
                                    <color key="titleShadowColor" systemColor="systemOrangeColor"/>
                                </state>
                            </button>
                            <label opaque="NO" userInteractionEnabled="NO" contentMode="left" horizontalHuggingPriority="251" verticalHuggingPriority="251" text="" textAlignment="natural" lineBreakMode="tailTruncation" baselineAdjustment="alignBaselines" adjustsFontSizeToFit="NO" translatesAutoresizingMaskIntoConstraints="NO" id="3YF-h8-Ait">
                                <rect key="frame" x="20" y="44" width="0.0" height="0.0"/>
                                <fontDescription key="fontDescription" type="system" pointSize="17"/>
                                <nil key="textColor"/>
                                <nil key="highlightedColor"/>
                            </label>
                            <button opaque="NO" contentMode="scaleToFill" contentHorizontalAlignment="center" contentVerticalAlignment="center" buttonType="system" lineBreakMode="middleTruncation" translatesAutoresizingMaskIntoConstraints="NO" id="M15-3z-QpY">
                                <rect key="frame" x="0.0" y="226" width="414" height="76"/>
                                <color key="backgroundColor" white="1" alpha="1" colorSpace="custom" customColorSpace="genericGamma22GrayColorSpace"/>
                                <constraints>
                                    <constraint firstAttribute="height" constant="76" id="Btf-qs-d0f"/>
                                </constraints>
                            </button>
                            <button opaque="NO" contentMode="scaleToFill" contentHorizontalAlignment="center" contentVerticalAlignment="center" buttonType="system" lineBreakMode="middleTruncation" translatesAutoresizingMaskIntoConstraints="NO" id="WkE-yf-ymC">
                                <rect key="frame" x="0.0" y="292" width="414" height="521"/>
                                <color key="backgroundColor" white="1" alpha="1" colorSpace="custom" customColorSpace="genericGamma22GrayColorSpace"/>
                                <color key="tintColor" white="1" alpha="1" colorSpace="custom" customColorSpace="genericGamma22GrayColorSpace"/>
                            </button>
                        </subviews>
                        <viewLayoutGuide key="safeArea" id="5CO-cU-KII"/>
                        <color key="backgroundColor" white="1" alpha="1" colorSpace="custom" customColorSpace="genericGamma22GrayColorSpace"/>
                        <color key="tintColor" white="1" alpha="1" colorSpace="custom" customColorSpace="genericGamma22GrayColorSpace"/>
                        <constraints>
                            <constraint firstItem="Q1x-2V-C42" firstAttribute="top" secondItem="EOh-Kk-lpN" secondAttribute="bottom" constant="6" id="2AJ-tQ-XnL"/>
                            <constraint firstItem="vT8-oj-ibO" firstAttribute="top" secondItem="cvc-e8-bla" secondAttribute="bottom" constant="7.5" id="41s-9c-esc"/>
                            <constraint firstItem="vtm-d9-63u" firstAttribute="leading" secondItem="EOh-Kk-lpN" secondAttribute="leading" id="6IN-Mx-zKE"/>
                            <constraint firstItem="vtm-d9-63u" firstAttribute="top" secondItem="3YF-h8-Ait" secondAttribute="bottom" constant="86" id="845-Jc-Gtb"/>
                            <constraint firstItem="5CO-cU-KII" firstAttribute="bottom" secondItem="Q1x-2V-C42" secondAttribute="bottom" constant="18" id="9Id-Gg-vSn"/>
                            <constraint firstItem="WkE-yf-ymC" firstAttribute="top" secondItem="M15-3z-QpY" secondAttribute="bottom" constant="-10" id="Blj-zR-hdl"/>
                            <constraint firstItem="vtm-d9-63u" firstAttribute="trailing" secondItem="EOh-Kk-lpN" secondAttribute="trailing" id="BnN-Eh-IQ6"/>
                            <constraint firstItem="5CO-cU-KII" firstAttribute="trailing" secondItem="cvc-e8-bla" secondAttribute="trailing" constant="60" id="Na8-AZ-60a"/>
                            <constraint firstItem="EOh-Kk-lpN" firstAttribute="centerY" secondItem="77u-6K-VuF" secondAttribute="centerY" id="O0a-jx-Gdm"/>
                            <constraint firstItem="M15-3z-QpY" firstAttribute="trailing" secondItem="WkE-yf-ymC" secondAttribute="trailing" id="RjE-TF-1LZ"/>
                            <constraint firstItem="M15-3z-QpY" firstAttribute="top" secondItem="EOh-Kk-lpN" secondAttribute="bottom" constant="6" id="SIs-wA-KJ7"/>
                            <constraint firstItem="5CO-cU-KII" firstAttribute="trailing" secondItem="vT8-oj-ibO" secondAttribute="trailing" constant="63" id="TOU-28-XdX"/>
                            <constraint firstItem="Q1x-2V-C42" firstAttribute="leading" secondItem="Db4-L7-CQp" secondAttribute="leadingMargin" constant="-25" id="VWs-t6-U6X"/>
                            <constraint firstItem="Q1x-2V-C42" firstAttribute="top" secondItem="77u-6K-VuF" secondAttribute="bottom" constant="8.5" id="W4q-V1-ECk"/>
                            <constraint firstItem="EOh-Kk-lpN" firstAttribute="top" secondItem="vtm-d9-63u" secondAttribute="bottom" constant="29.5" id="WGK-ac-VK0"/>
                            <constraint firstItem="M15-3z-QpY" firstAttribute="leading" secondItem="WkE-yf-ymC" secondAttribute="leading" id="XUF-OR-lcT"/>
                            <constraint firstItem="3YF-h8-Ait" firstAttribute="top" secondItem="5CO-cU-KII" secondAttribute="top" id="Yfz-NN-t7g"/>
                            <constraint firstItem="77u-6K-VuF" firstAttribute="top" secondItem="vT8-oj-ibO" secondAttribute="bottom" constant="8.5" id="Z3j-jH-TMH"/>
                            <constraint firstItem="vT8-oj-ibO" firstAttribute="leading" secondItem="vtm-d9-63u" secondAttribute="trailing" constant="3.5" id="bHd-dM-ray"/>
                            <constraint firstItem="WkE-yf-ymC" firstAttribute="bottom" secondItem="5CO-cU-KII" secondAttribute="bottom" id="f6w-DX-at4"/>
                            <constraint firstItem="3YF-h8-Ait" firstAttribute="leading" secondItem="Db4-L7-CQp" secondAttribute="leadingMargin" id="hJX-Xv-ur6"/>
                            <constraint firstAttribute="trailingMargin" secondItem="Q1x-2V-C42" secondAttribute="trailing" constant="-37" id="hns-l1-Zbh"/>
                            <constraint firstItem="M15-3z-QpY" firstAttribute="leading" secondItem="Db4-L7-CQp" secondAttribute="leading" id="oP9-hX-fYd"/>
                            <constraint firstAttribute="trailing" secondItem="M15-3z-QpY" secondAttribute="trailing" id="ogm-gd-hNu"/>
                            <constraint firstItem="cvc-e8-bla" firstAttribute="leading" secondItem="5CO-cU-KII" secondAttribute="leading" constant="53" id="rff-I6-0Wi"/>
                            <constraint firstItem="vtm-d9-63u" firstAttribute="leading" secondItem="5CO-cU-KII" secondAttribute="leading" constant="8" id="ssD-d0-AOk"/>
                            <constraint firstItem="vT8-oj-ibO" firstAttribute="leading" secondItem="77u-6K-VuF" secondAttribute="leading" id="vGm-sg-Qno"/>
                            <constraint firstItem="cvc-e8-bla" firstAttribute="leading" secondItem="vT8-oj-ibO" secondAttribute="leading" id="w87-36-xUC"/>
                            <constraint firstItem="cvc-e8-bla" firstAttribute="top" secondItem="3YF-h8-Ait" secondAttribute="bottom" constant="24" id="xjq-zj-7ZI"/>
                            <constraint firstItem="cvc-e8-bla" firstAttribute="trailing" secondItem="77u-6K-VuF" secondAttribute="trailing" id="yh2-Vz-exe"/>
                        </constraints>
                    </view>
                    <tabBarItem key="tabBarItem" title="Find A Primary Care Physician" image="person.fill" catalog="system" id="x36-iU-F1u">
                        <imageReference key="selectedImage" image="person.fill" catalog="system" symbolScale="large"/>
                    </tabBarItem>
                    <connections>
                        <outlet property="box1" destination="EOh-Kk-lpN" id="FFW-Bw-2dB"/>
                        <outlet property="box3" destination="WkE-yf-ymC" id="1qD-Is-CBc"/>
                        <outlet property="countyNames" destination="vT8-oj-ibO" id="7rv-s6-aIb"/>
                        <outlet property="favoriteDayTextField" destination="77u-6K-VuF" id="9fa-fo-Vhq"/>
                        <outlet property="infoTrack" destination="vtm-d9-63u" id="AfH-aP-dvm"/>
                        <outlet property="webview" destination="Q1x-2V-C42" id="nxf-8E-G6b"/>
                    </connections>
                </viewController>
                <placeholder placeholderIdentifier="IBFirstResponder" id="bEf-Ga-9cL" userLabel="First Responder" customClass="UIResponder" sceneMemberID="firstResponder"/>
            </objects>
            <point key="canvasLocation" x="-665.21739130434787" y="1514.7321428571429"/>
        </scene>
        <!--Tab Bar Controller-->
        <scene sceneID="1bj-M9-XHq">
            <objects>
                <tabBarController id="Ob4-F1-fIv" sceneMemberID="viewController">
                    <tabBar key="tabBar" contentMode="scaleToFill" insetsLayoutMarginsFromSafeArea="NO" id="3k4-UY-myx">
                        <rect key="frame" x="0.0" y="0.0" width="414" height="49"/>
                        <autoresizingMask key="autoresizingMask"/>
                        <color key="backgroundColor" systemColor="tertiarySystemGroupedBackgroundColor"/>
                        <color key="barTintColor" white="0.0" alpha="1" colorSpace="custom" customColorSpace="genericGamma22GrayColorSpace"/>
                        <color key="selectedImageTintColor" systemColor="systemGroupedBackgroundColor"/>
                    </tabBar>
                    <connections>
                        <segue destination="BYZ-38-t0r" kind="relationship" relationship="viewControllers" id="jRF-2H-J7L"/>
                        <segue destination="m7h-Y7-Whe" kind="relationship" relationship="viewControllers" id="Hcr-6O-FPt"/>
                        <segue destination="0cX-ku-oAl" kind="relationship" relationship="viewControllers" id="PLK-IB-Hay"/>
                        <segue destination="jNL-0p-qcc" kind="relationship" relationship="viewControllers" id="09p-tn-ynj"/>
                    </connections>
                </tabBarController>
                <placeholder placeholderIdentifier="IBFirstResponder" id="xlR-QK-Oxx" userLabel="First Responder" customClass="UIResponder" sceneMemberID="firstResponder"/>
            </objects>
            <point key="canvasLocation" x="-1565" y="936"/>
        </scene>
        <!--Covid News-->
        <scene sceneID="5sD-MS-K9z">
            <objects>
                <viewController id="m7h-Y7-Whe" customClass="NewViewController" customModule="Maryland_Covid_19_Chances" customModuleProvider="target" sceneMemberID="viewController">
                    <view key="view" contentMode="scaleToFill" id="xgY-Z8-1JZ">
                        <rect key="frame" x="0.0" y="0.0" width="414" height="896"/>
                        <autoresizingMask key="autoresizingMask" widthSizable="YES" heightSizable="YES"/>
                        <subviews>
                            <wkWebView alpha="0.94999998807907104" contentMode="scaleToFill" translatesAutoresizingMaskIntoConstraints="NO" id="dYE-L9-KOP">
                                <rect key="frame" x="0.0" y="-87" width="414" height="900"/>
                                <color key="backgroundColor" white="0.33333333329999998" alpha="1" colorSpace="custom" customColorSpace="genericGamma22GrayColorSpace"/>
                                <color key="tintColor" white="0.33333333329999998" alpha="1" colorSpace="custom" customColorSpace="genericGamma22GrayColorSpace"/>
                                <constraints>
                                    <constraint firstAttribute="height" constant="900" id="ipJ-aU-kuM"/>
                                </constraints>
                                <wkWebViewConfiguration key="configuration">
                                    <audiovisualMediaTypes key="mediaTypesRequiringUserActionForPlayback" none="YES"/>
                                    <wkPreferences key="preferences"/>
                                </wkWebViewConfiguration>
                            </wkWebView>
                        </subviews>
                        <viewLayoutGuide key="safeArea" id="1xq-xT-N6G"/>
                        <color key="backgroundColor" white="1" alpha="1" colorSpace="custom" customColorSpace="genericGamma22GrayColorSpace"/>
                        <constraints>
                            <constraint firstItem="dYE-L9-KOP" firstAttribute="bottom" secondItem="1xq-xT-N6G" secondAttribute="bottom" id="Dg3-G1-qAq"/>
                            <constraint firstItem="dYE-L9-KOP" firstAttribute="leading" secondItem="xgY-Z8-1JZ" secondAttribute="leading" id="TOH-bj-HvL"/>
                            <constraint firstAttribute="trailing" secondItem="dYE-L9-KOP" secondAttribute="trailing" id="pLf-n3-c7L"/>
                        </constraints>
                    </view>
                    <tabBarItem key="tabBarItem" title="Covid News" image="newspaper.fill" catalog="system" selectedImage="newspaper.fill" id="W6h-Pp-Qc0"/>
                    <connections>
                        <outlet property="webview" destination="dYE-L9-KOP" id="zSu-Ry-rD0"/>
                    </connections>
                </viewController>
                <placeholder placeholderIdentifier="IBFirstResponder" id="bhr-3v-fdQ" userLabel="First Responder" customClass="UIResponder" sceneMemberID="firstResponder"/>
            </objects>
            <point key="canvasLocation" x="-704.34782608695662" y="2303.5714285714284"/>
        </scene>
        <!--About-->
        <scene sceneID="1Uj-lT-nfc">
            <objects>
                <viewController id="jNL-0p-qcc" customClass="AboutViewController" customModule="Maryland_Covid_19_Chances" customModuleProvider="target" sceneMemberID="viewController">
                    <view key="view" contentMode="scaleToFill" id="uMn-Cm-jYl">
                        <rect key="frame" x="0.0" y="0.0" width="414" height="896"/>
                        <autoresizingMask key="autoresizingMask" widthSizable="YES" heightSizable="YES"/>
                        <subviews>
                            <wkWebView alpha="0.94999998807907104" contentMode="scaleToFill" translatesAutoresizingMaskIntoConstraints="NO" id="Dhe-Wp-thc">
                                <rect key="frame" x="0.0" y="-87" width="414" height="900"/>
                                <color key="backgroundColor" white="0.33333333329999998" alpha="1" colorSpace="custom" customColorSpace="genericGamma22GrayColorSpace"/>
                                <color key="tintColor" white="0.33333333329999998" alpha="1" colorSpace="custom" customColorSpace="genericGamma22GrayColorSpace"/>
                                <constraints>
                                    <constraint firstAttribute="height" constant="900" id="45H-2b-NuN"/>
                                </constraints>
                                <wkWebViewConfiguration key="configuration">
                                    <audiovisualMediaTypes key="mediaTypesRequiringUserActionForPlayback" none="YES"/>
                                    <wkPreferences key="preferences"/>
                                </wkWebViewConfiguration>
                            </wkWebView>
                        </subviews>
                        <viewLayoutGuide key="safeArea" id="Fmu-Qd-aHb"/>
                        <color key="backgroundColor" white="1" alpha="1" colorSpace="custom" customColorSpace="genericGamma22GrayColorSpace"/>
                        <constraints>
                            <constraint firstAttribute="trailing" secondItem="Dhe-Wp-thc" secondAttribute="trailing" id="3JK-XZ-Tfl"/>
                            <constraint firstItem="Dhe-Wp-thc" firstAttribute="leading" secondItem="uMn-Cm-jYl" secondAttribute="leading" id="LxZ-tJ-5KV"/>
                            <constraint firstItem="Dhe-Wp-thc" firstAttribute="bottom" secondItem="Fmu-Qd-aHb" secondAttribute="bottom" id="UbC-Yi-el6"/>
                        </constraints>
                    </view>
                    <tabBarItem key="tabBarItem" title="About" image="text.alignleft" catalog="system" selectedImage="text.alignleft" id="xbG-RC-n6c"/>
                    <connections>
                        <outlet property="webview" destination="Dhe-Wp-thc" id="9va-dc-Wbj"/>
                    </connections>
                </viewController>
                <placeholder placeholderIdentifier="IBFirstResponder" id="fQG-FW-404" userLabel="First Responder" customClass="UIResponder" sceneMemberID="firstResponder"/>
            </objects>
            <point key="canvasLocation" x="-1817.3913043478262" y="2236.6071428571427"/>
        </scene>
    </scenes>
    <color key="tintColor" white="0.33333333333333331" alpha="1" colorSpace="custom" customColorSpace="genericGamma22GrayColorSpace"/>
    <resources>
        <image name="circle" catalog="system" width="128" height="121"/>
        <image name="exclamationmark.square.fill" catalog="system" width="128" height="114"/>
        <image name="newspaper.fill" catalog="system" width="128" height="111"/>
        <image name="percent" catalog="system" width="128" height="121"/>
        <image name="person.fill" catalog="system" width="128" height="120"/>
        <image name="text.alignleft" catalog="system" width="128" height="100"/>
        <namedColor name="AccentColor">
            <color red="0.0" green="0.46000000000000002" blue="0.89000000000000001" alpha="1" colorSpace="custom" customColorSpace="sRGB"/>
        </namedColor>
        <systemColor name="labelColor">
            <color white="0.0" alpha="1" colorSpace="custom" customColorSpace="genericGamma22GrayColorSpace"/>
        </systemColor>
        <systemColor name="linkColor">
            <color red="0.0" green="0.47843137254901963" blue="1" alpha="1" colorSpace="custom" customColorSpace="sRGB"/>
        </systemColor>
        <systemColor name="secondarySystemBackgroundColor">
            <color red="0.94901960784313721" green="0.94901960784313721" blue="0.96862745098039216" alpha="1" colorSpace="custom" customColorSpace="sRGB"/>
        </systemColor>
        <systemColor name="systemGray2Color">
            <color red="0.68235294117647061" green="0.68235294117647061" blue="0.69803921568627447" alpha="1" colorSpace="custom" customColorSpace="sRGB"/>
        </systemColor>
        <systemColor name="systemGroupedBackgroundColor">
            <color red="0.94901960784313721" green="0.94901960784313721" blue="0.96862745098039216" alpha="1" colorSpace="custom" customColorSpace="sRGB"/>
        </systemColor>
        <systemColor name="systemOrangeColor">
            <color red="1" green="0.58431372549019611" blue="0.0" alpha="1" colorSpace="custom" customColorSpace="sRGB"/>
        </systemColor>
        <systemColor name="systemPinkColor">
            <color red="1" green="0.17647058823529413" blue="0.33333333333333331" alpha="1" colorSpace="custom" customColorSpace="sRGB"/>
        </systemColor>
        <systemColor name="systemTealColor">
            <color red="0.35294117647058826" green="0.78431372549019607" blue="0.98039215686274506" alpha="1" colorSpace="custom" customColorSpace="sRGB"/>
        </systemColor>
        <systemColor name="tertiarySystemGroupedBackgroundColor">
            <color red="0.94901960784313721" green="0.94901960784313721" blue="0.96862745098039216" alpha="1" colorSpace="custom" customColorSpace="sRGB"/>
        </systemColor>
    </resources>
</document>
