<?xml version="1.0" encoding="UTF-8"?>
<document type="com.apple.InterfaceBuilder3.CocoaTouch.Storyboard.XIB" version="3.0" toolsVersion="17506" targetRuntime="iOS.CocoaTouch" propertyAccessControl="none" useAutolayout="YES" launchScreen="YES" useTraitCollections="YES" useSafeAreas="YES" colorMatched="YES" initialViewController="01J-lp-oVM">
    <device id="retina6_1" orientation="portrait" appearance="light"/>
    <dependencies>
        <plugIn identifier="com.apple.InterfaceBuilder.IBCocoaTouchPlugin" version="17505"/>
        <capability name="Safe area layout guides" minToolsVersion="9.0"/>
        <capability name="documents saved in the Xcode 8 format" minToolsVersion="8.0"/>
    </dependencies>
    <scenes>
        <!--View Controller-->
        <scene sceneID="EHf-IW-A2E">
            <objects>
                <viewController id="01J-lp-oVM" sceneMemberID="viewController">
                    <view key="view" contentMode="scaleToFill" id="Ze5-6b-2t3">
                        <rect key="frame" x="0.0" y="0.0" width="414" height="896"/>
                        <autoresizingMask key="autoresizingMask" widthSizable="YES" heightSizable="YES"/>
                        <subviews>
                            <imageView clipsSubviews="YES" userInteractionEnabled="NO" contentMode="scaleAspectFit" horizontalHuggingPriority="251" verticalHuggingPriority="251" image="Icon-1024" translatesAutoresizingMaskIntoConstraints="NO" id="3cC-S1-GR0">
                                <rect key="frame" x="-8" y="170" width="423" height="460"/>
                            </imageView>
                            <label opaque="NO" userInteractionEnabled="NO" contentMode="left" horizontalHuggingPriority="251" verticalHuggingPriority="251" text="Loading..." textAlignment="center" lineBreakMode="tailTruncation" baselineAdjustment="alignBaselines" adjustsFontSizeToFit="NO" translatesAutoresizingMaskIntoConstraints="NO" id="DHh-LF-ffv">
                                <rect key="frame" x="7" y="485" width="414" height="38.5"/>
                                <fontDescription key="fontDescription" type="system" pointSize="28"/>
                                <color key="textColor" white="1" alpha="1" colorSpace="custom" customColorSpace="genericGamma22GrayColorSpace"/>
                                <color key="highlightedColor" white="0.33333333333333331" alpha="1" colorSpace="custom" customColorSpace="genericGamma22GrayColorSpace"/>
                                <color key="shadowColor" white="0.0" alpha="1" colorSpace="custom" customColorSpace="genericGamma22GrayColorSpace"/>
                                <size key="shadowOffset" width="0.0" height="5"/>
                            </label>
                        </subviews>
                        <viewLayoutGuide key="safeArea" id="6Tk-OE-BBY"/>
                        <color key="backgroundColor" red="0.087178819060265256" green="0.43626820852613291" blue="1" alpha="1" colorSpace="custom" customColorSpace="sRGB"/>
                        <constraints>
                            <constraint firstItem="3cC-S1-GR0" firstAttribute="centerY" secondItem="Ze5-6b-2t3" secondAttribute="centerY" constant="-48" id="Ax7-oT-QU2"/>
                            <constraint firstItem="3cC-S1-GR0" firstAttribute="top" secondItem="6Tk-OE-BBY" secondAttribute="top" constant="126" id="Hkp-vs-hbT"/>
                            <constraint firstItem="3cC-S1-GR0" firstAttribute="leading" secondItem="Ze5-6b-2t3" secondAttribute="leadingMargin" constant="-28" id="LSs-3K-yru"/>
                            <constraint firstAttribute="trailingMargin" secondItem="DHh-LF-ffv" secondAttribute="trailing" constant="-27" id="Rh8-cN-STx"/>
                            <constraint firstItem="DHh-LF-ffv" firstAttribute="top" secondItem="6Tk-OE-BBY" secondAttribute="top" constant="441" id="TP5-Ag-KwT"/>
                            <constraint firstItem="6Tk-OE-BBY" firstAttribute="trailing" secondItem="3cC-S1-GR0" secondAttribute="trailing" constant="-1" id="aDp-mi-J8B"/>
                            <constraint firstItem="DHh-LF-ffv" firstAttribute="leading" secondItem="6Tk-OE-BBY" secondAttribute="leading" constant="7" id="vFU-dl-ajB"/>
                        </constraints>
                    </view>
                </viewController>
                <placeholder placeholderIdentifier="IBFirstResponder" id="iYj-Kq-Ea1" userLabel="First Responder" sceneMemberID="firstResponder"/>
            </objects>
            <point key="canvasLocation" x="52.173913043478265" y="375"/>
        </scene>
    </scenes>
    <resources>
        <image name="Icon-1024" width="1024" height="1024"/>
    </resources>
</document>
